path_id,vulnerability_signature,baseline_rank,entry_service_name,entry_service_port,entry_protocol,entry_asset_type,entry_zone,entry_asset_criticality,target_asset_type,target_zone,target_criticality_score,vulnerability_count,cve_count,nvt_only_count,cve_coverage,maximum_cvss,mean_cvss,minimum_cvss,maximum_epss,mean_epss,kev_count,kev_present,hop_count,exploit_stage_count,access_condition_count,scenario_assumption_count,observed_condition_count,average_access_confidence,baseline_risk_score,baseline_risk_level
PATH-0030,CVE-2012-1823,1,http,80,tcp,vulnerable_server,dmz,3.0,database_server,restricted,5.0,1,1,0,1.0,9.8,9.8,9.8,0.99998,0.99998,1,1,7,1,2,1,1,0.75,87.4876,Critical
PATH-0069,CVE-2011-3192,2,http,443,tcp,web_server,dmz,4.0,database_server,restricted,5.0,1,1,0,1.0,7.8,7.8,7.8,0.98945,0.98945,0,0,7,1,2,1,1,0.75,71.175,High
PATH-0131,CVE-2011-3192,3,http,80,tcp,web_server,dmz,4.0,database_server,restricted,5.0,1,1,0,1.0,7.8,7.8,7.8,0.98945,0.98945,0,0,7,1,2,1,1,0.75,71.175,High
PATH-0085,CVE-2016-2183,4,http,443,tcp,web_server,dmz,4.0,database_server,restricted,5.0,1,1,0,1.0,7.5,7.5,7.5,0.95707,0.95707,0,0,7,1,2,1,1,0.75,69.2411,High
PATH-0075,CVE-2014-0224,5,http,443,tcp,web_server,dmz,4.0,database_server,restricted,5.0,1,1,0,1.0,7.4,7.4,7.4,0.95326,0.95326,0,0,7,1,2,1,1,0.75,68.783,High
PATH-0032,CVE-2012-2311,6,http,80,tcp,vulnerable_server,dmz,3.0,database_server,restricted,5.0,1,1,0,1.0,7.5,7.5,7.5,0.69559,0.69559,0,0,7,1,2,1,1,0.75,62.2547,High
PATH-0074,CVE-2013-2566,7,http,443,tcp,web_server,dmz,4.0,database_server,restricted,5.0,1,1,0,1.0,5.9,5.9,5.9,0.84424,0.84424,0,0,7,1,2,1,1,0.75,60.5264,High
PATH-0082,CVE-2016-0800,8,http,443,tcp,web_server,dmz,4.0,database_server,restricted,5.0,1,1,0,1.0,5.9,5.9,5.9,0.82112,0.82112,0,0,7,1,2,1,1,0.75,59.9087,High
PATH-0076,CVE-2014-3566,9,http,443,tcp,web_server,dmz,4.0,database_server,restricted,5.0,1,1,0,1.0,4.3,4.3,4.3,0.99999,0.99999,0,0,7,1,2,1,1,0.75,58.9878,High
PATH-0081,CVE-2015-4000,10,http,443,tcp,web_server,dmz,4.0,database_server,restricted,5.0,1,1,0,1.0,4.3,4.3,4.3,0.9986,0.9986,0,0,7,1,2,1,1,0.75,58.9507,High
PATH-0034,CVE-2012-2336,11,http,80,tcp,vulnerable_server,dmz,3.0,database_server,restricted,5.0,1,1,0,1.0,7.5,7.5,7.5,0.50723,0.50723,0,0,7,1,2,1,1,0.75,57.2219,High
PATH-0029,CVE-2012-0053,12,http,80,tcp,vulnerable_server,dmz,3.0,database_server,restricted,5.0,1,1,0,1.0,4.3,4.3,4.3,0.82756,0.82756,0,0,7,1,2,1,1,0.75,54.3807,Medium
PATH-0070,CVE-2012-0053,13,http,443,tcp,web_server,dmz,4.0,database_server,restricted,5.0,1,1,0,1.0,4.3,4.3,4.3,0.82756,0.82756,0,0,7,1,2,1,1,0.75,54.3807,Medium
PATH-0132,CVE-2012-0053,14,http,80,tcp,web_server,dmz,4.0,database_server,restricted,5.0,1,1,0,1.0,4.3,4.3,4.3,0.82756,0.82756,0,0,7,1,2,1,1,0.75,54.3807,Medium
PATH-0016,CVE-2008-5305,15,http,80,tcp,vulnerable_server,dmz,3.0,database_server,restricted,5.0,1,1,0,1.0,10.0,10.0,10.0,0.0464,0.0464,0,0,7,1,2,1,1,0.75,53.8154,Medium
PATH-0088,CVE-2017-14596,16,http,443,tcp,web_server,dmz,4.0,database_server,restricted,5.0,1,1,0,1.0,9.8,9.8,9.8,0.06878,0.06878,0,0,7,1,2,1,1,0.75,53.7008,Medium
PATH-0140,CVE-2017-14596,17,http,80,tcp,web_server,dmz,4.0,database_server,restricted,5.0,1,1,0,1.0,9.8,9.8,9.8,0.06878,0.06878,0,0,7,1,2,1,1,0.75,53.7008,Medium
PATH-0015,CVE-2008-5304,18,http,80,tcp,vulnerable_server,dmz,3.0,database_server,restricted,5.0,1,1,0,1.0,10.0,10.0,10.0,0.02243,0.02243,0,0,7,1,2,1,1,0.75,53.1749,Medium
PATH-0093,CVE-2018-15882,19,http,443,tcp,web_server,dmz,4.0,database_server,restricted,5.0,1,1,0,1.0,9.8,9.8,9.8,0.02932,0.02932,0,0,7,1,2,1,1,0.75,52.6465,Medium
PATH-0145,CVE-2018-15882,20,http,80,tcp,web_server,dmz,4.0,database_server,restricted,5.0,1,1,0,1.0,9.8,9.8,9.8,0.02932,0.02932,0,0,7,1,2,1,1,0.75,52.6465,Medium
PATH-0033,CVE-2012-2335,21,http,80,tcp,vulnerable_server,dmz,3.0,database_server,restricted,5.0,1,1,0,1.0,7.5,7.5,7.5,0.32542,0.32542,0,0,7,1,2,1,1,0.75,52.3642,Medium
PATH-0080,CVE-2015-2808,22,http,443,tcp,web_server,dmz,4.0,database_server,restricted,5.0,1,1,0,1.0,4.3,4.3,4.3,0.73851,0.73851,0,0,7,1,2,1,1,0.75,52.0014,Medium
PATH-0009,CVE-2003-1567,23,http,80,tcp,vulnerable_server,dmz,3.0,database_server,restricted,5.0,1,1,0,1.0,7.5,7.5,7.5,0.2446,0.2446,0,0,7,1,2,1,1,0.75,50.2048,Medium
PATH-0050,CVE-2003-1567,24,http,443,tcp,web_server,dmz,4.0,database_server,restricted,5.0,1,1,0,1.0,7.5,7.5,7.5,0.2446,0.2446,0,0,7,1,2,1,1,0.75,50.2048,Medium
PATH-0108,CVE-2003-1567,25,http,80,tcp,web_server,dmz,4.0,database_server,restricted,5.0,1,1,0,1.0,7.5,7.5,7.5,0.2446,0.2446,0,0,7,1,2,1,1,0.75,50.2048,Medium
PATH-0094,CVE-2018-17855,26,http,443,tcp,web_server,dmz,4.0,database_server,restricted,5.0,1,1,0,1.0,8.8,8.8,8.8,0.019,0.019,0,0,7,1,2,1,1,0.75,48.8083,Medium
PATH-0146,CVE-2018-17855,27,http,80,tcp,web_server,dmz,4.0,database_server,restricted,5.0,1,1,0,1.0,8.8,8.8,8.8,0.019,0.019,0,0,7,1,2,1,1,0.75,48.8083,Medium
PATH-0038,CVE-2018-20719,28,http,80,tcp,vulnerable_server,dmz,3.0,database_server,restricted,5.0,1,1,0,1.0,8.8,8.8,8.8,0.00995,0.00995,0,0,7,1,2,1,1,0.75,48.5665,Medium
PATH-0095,CVE-2018-20719,29,http,443,tcp,web_server,dmz,4.0,database_server,restricted,5.0,1,1,0,1.0,8.8,8.8,8.8,0.00995,0.00995,0,0,7,1,2,1,1,0.75,48.5665,Medium
PATH-0147,CVE-2018-20719,30,http,80,tcp,web_server,dmz,4.0,database_server,restricted,5.0,1,1,0,1.0,8.8,8.8,8.8,0.00995,0.00995,0,0,7,1,2,1,1,0.75,48.5665,Medium
PATH-0035,CVE-2014-7883,31,http,80,tcp,vulnerable_server,dmz,3.0,database_server,restricted,5.0,1,1,0,1.0,5.8,5.8,5.8,0.37022,0.37022,0,0,7,1,2,1,1,0.75,47.5049,Medium
PATH-0077,CVE-2014-7883,32,http,443,tcp,web_server,dmz,4.0,database_server,restricted,5.0,1,1,0,1.0,5.8,5.8,5.8,0.37022,0.37022,0,0,7,1,2,1,1,0.75,47.5049,Medium
PATH-0134,CVE-2014-7883,33,http,80,tcp,web_server,dmz,4.0,database_server,restricted,5.0,1,1,0,1.0,5.8,5.8,5.8,0.37022,0.37022,0,0,7,1,2,1,1,0.75,47.5049,Medium
PATH-0023,CVE-2010-0386,34,http,80,tcp,vulnerable_server,dmz,3.0,database_server,restricted,5.0,1,1,0,1.0,8.1,8.1,8.1,0.01692,0.01692,0,0,7,1,2,1,1,0.75,46.2589,Medium
PATH-0062,CVE-2010-0386,35,http,443,tcp,web_server,dmz,4.0,database_server,restricted,5.0,1,1,0,1.0,8.1,8.1,8.1,0.01692,0.01692,0,0,7,1,2,1,1,0.75,46.2589,Medium
PATH-0121,CVE-2010-0386,36,http,80,tcp,web_server,dmz,4.0,database_server,restricted,5.0,1,1,0,1.0,8.1,8.1,8.1,0.01692,0.01692,0,0,7,1,2,1,1,0.75,46.2589,Medium
PATH-0078,CVE-2014-8363,37,http,443,tcp,web_server,dmz,4.0,database_server,restricted,5.0,1,1,0,1.0,7.5,7.5,7.5,0.02149,0.02149,0,0,7,1,2,1,1,0.75,44.2435,Medium
PATH-0135,CVE-2014-8363,38,http,80,tcp,web_server,dmz,4.0,database_server,restricted,5.0,1,1,0,1.0,7.5,7.5,7.5,0.02149,0.02149,0,0,7,1,2,1,1,0.75,44.2435,Medium
PATH-0036,CVE-2016-10143,39,http,80,tcp,vulnerable_server,dmz,3.0,database_server,restricted,5.0,1,1,0,1.0,7.5,7.5,7.5,0.01849,0.01849,0,0,7,1,2,1,1,0.75,44.1634,Medium
PATH-0083,CVE-2016-10143,40,http,443,tcp,web_server,dmz,4.0,database_server,restricted,5.0,1,1,0,1.0,7.5,7.5,7.5,0.01849,0.01849,0,0,7,1,2,1,1,0.75,44.1634,Medium
PATH-0137,CVE-2016-10143,41,http,80,tcp,web_server,dmz,4.0,database_server,restricted,5.0,1,1,0,1.0,7.5,7.5,7.5,0.01849,0.01849,0,0,7,1,2,1,1,0.75,44.1634,Medium
PATH-0027,CVE-2010-1136,42,http,80,tcp,vulnerable_server,dmz,3.0,database_server,restricted,5.0,1,1,0,1.0,7.5,7.5,7.5,0.0167,0.0167,0,0,7,1,2,1,1,0.75,44.1156,Medium
PATH-0066,CVE-2010-1136,43,http,443,tcp,web_server,dmz,4.0,database_server,restricted,5.0,1,1,0,1.0,7.5,7.5,7.5,0.0167,0.0167,0,0,7,1,2,1,1,0.75,44.1156,Medium
PATH-0128,CVE-2010-1136,44,http,80,tcp,web_server,dmz,4.0,database_server,restricted,5.0,1,1,0,1.0,7.5,7.5,7.5,0.0167,0.0167,0,0,7,1,2,1,1,0.75,44.1156,Medium
PATH-0079,CVE-2014-8364,45,http,443,tcp,web_server,dmz,4.0,database_server,restricted,5.0,1,1,0,1.0,7.5,7.5,7.5,0.01633,0.01633,0,0,7,1,2,1,1,0.75,44.1057,Medium
PATH-0136,CVE-2014-8364,46,http,80,tcp,web_server,dmz,4.0,database_server,restricted,5.0,1,1,0,1.0,7.5,7.5,7.5,0.01633,0.01633,0,0,7,1,2,1,1,0.75,44.1057,Medium
PATH-0026,CVE-2010-1135,47,http,80,tcp,vulnerable_server,dmz,3.0,database_server,restricted,5.0,1,1,0,1.0,7.5,7.5,7.5,0.01553,0.01553,0,0,7,1,2,1,1,0.75,44.0843,Medium
PATH-0065,CVE-2010-1135,48,http,443,tcp,web_server,dmz,4.0,database_server,restricted,5.0,1,1,0,1.0,7.5,7.5,7.5,0.01553,0.01553,0,0,7,1,2,1,1,0.75,44.0843,Medium
PATH-0127,CVE-2010-1135,49,http,80,tcp,web_server,dmz,4.0,database_server,restricted,5.0,1,1,0,1.0,7.5,7.5,7.5,0.01553,0.01553,0,0,7,1,2,1,1,0.75,44.0843,Medium
PATH-0024,CVE-2010-1133,50,http,80,tcp,vulnerable_server,dmz,3.0,database_server,restricted,5.0,1,1,0,1.0,7.5,7.5,7.5,0.01418,0.01418,0,0,7,1,2,1,1,0.75,44.0482,Medium
PATH-0063,CVE-2010-1133,51,http,443,tcp,web_server,dmz,4.0,database_server,restricted,5.0,1,1,0,1.0,7.5,7.5,7.5,0.01418,0.01418,0,0,7,1,2,1,1,0.75,44.0482,Medium
PATH-0125,CVE-2010-1133,52,http,80,tcp,web_server,dmz,4.0,database_server,restricted,5.0,1,1,0,1.0,7.5,7.5,7.5,0.01418,0.01418,0,0,7,1,2,1,1,0.75,44.0482,Medium
PATH-0025,CVE-2010-1134,53,http,80,tcp,vulnerable_server,dmz,3.0,database_server,restricted,5.0,1,1,0,1.0,7.5,7.5,7.5,0.01269,0.01269,0,0,7,1,2,1,1,0.75,44.0084,Medium
PATH-0064,CVE-2010-1134,54,http,443,tcp,web_server,dmz,4.0,database_server,restricted,5.0,1,1,0,1.0,7.5,7.5,7.5,0.01269,0.01269,0,0,7,1,2,1,1,0.75,44.0084,Medium
PATH-0126,CVE-2010-1134,55,http,80,tcp,web_server,dmz,4.0,database_server,restricted,5.0,1,1,0,1.0,7.5,7.5,7.5,0.01269,0.01269,0,0,7,1,2,1,1,0.75,44.0084,Medium
PATH-0092,CVE-2018-15880,56,http,443,tcp,web_server,dmz,4.0,database_server,restricted,5.0,1,1,0,1.0,7.5,7.5,7.5,0.01033,0.01033,0,0,7,1,2,1,1,0.75,43.9454,Medium
PATH-0144,CVE-2018-15880,57,http,80,tcp,web_server,dmz,4.0,database_server,restricted,5.0,1,1,0,1.0,7.5,7.5,7.5,0.01033,0.01033,0,0,7,1,2,1,1,0.75,43.9454,Medium
PATH-0001,1.3.6.1.4.1.25623.1.0.103185,58,ftp,21,tcp,vulnerable_server,dmz,3.0,database_server,restricted,5.0,1,0,1,0.0,7.5,7.5,7.5,0.0,0.0,0,0,7,1,2,1,1,0.75,43.6694,Medium
PATH-0005,1.3.6.1.4.1.25623.1.0.10498,59,http,80,tcp,vulnerable_server,dmz,3.0,database_server,restricted,5.0,1,0,1,0.0,7.5,7.5,7.5,0.0,0.0,0,0,7,1,2,1,1,0.75,43.6694,Medium
PATH-0007,1.3.6.1.4.1.25623.1.0.11229,60,http,80,tcp,vulnerable_server,dmz,3.0,database_server,restricted,5.0,1,0,1,0.0,7.5,7.5,7.5,0.0,0.0,0,0,7,1,2,1,1,0.75,43.6694,Medium
PATH-0040,1.3.6.1.4.1.25623.1.0.103114,61,http,443,tcp,web_server,dmz,4.0,database_server,restricted,5.0,1,0,1,0.0,7.5,7.5,7.5,0.0,0.0,0,0,7,1,2,1,1,0.75,43.6694,Medium
PATH-0048,1.3.6.1.4.1.25623.1.0.11229,62,http,443,tcp,web_server,dmz,4.0,database_server,restricted,5.0,1,0,1,0.0,7.5,7.5,7.5,0.0,0.0,0,0,7,1,2,1,1,0.75,43.6694,Medium
PATH-0100,1.3.6.1.4.1.25623.1.0.103114,63,http,80,tcp,web_server,dmz,4.0,database_server,restricted,5.0,1,0,1,0.0,7.5,7.5,7.5,0.0,0.0,0,0,7,1,2,1,1,0.75,43.6694,Medium
PATH-0105,1.3.6.1.4.1.25623.1.0.11229,64,http,80,tcp,web_server,dmz,4.0,database_server,restricted,5.0,1,0,1,0.0,7.5,7.5,7.5,0.0,0.0,0,0,7,1,2,1,1,0.75,43.6694,Medium
PATH-0152,1.3.6.1.4.1.25623.1.0.103550,65,http,8080,tcp,web_server,dmz,4.0,database_server,restricted,5.0,1,0,1,0.0,7.5,7.5,7.5,0.0,0.0,0,0,7,1,2,1,1,0.75,43.6694,Medium
PATH-0008,CVE-1999-0678,66,http,80,tcp,vulnerable_server,dmz,3.0,database_server,restricted,5.0,1,1,0,1.0,5.0,5.0,5.0,0.31408,0.31408,0,0,7,1,2,1,1,0.75,43.1549,Medium
PATH-0122,CVE-2010-0636,67,http,80,tcp,web_server,dmz,4.0,database_server,restricted,5.0,1,1,0,1.0,6.8,6.8,6.8,0.01065,0.01065,0,0,7,1,2,1,1,0.75,41.4602,Medium
PATH-0123,CVE-2010-0637,68,http,80,tcp,web_server,dmz,4.0,database_server,restricted,5.0,1,1,0,1.0,6.8,6.8,6.8,0.00599,0.00599,0,0,7,1,2,1,1,0.75,41.3357,Medium
PATH-0022,CVE-2009-4898,69,http,80,tcp,vulnerable_server,dmz,3.0,database_server,restricted,5.0,1,1,0,1.0,6.8,6.8,6.8,0.00578,0.00578,0,0,7,1,2,1,1,0.75,41.33,Medium
PATH-0124,CVE-2010-0638,70,http,80,tcp,web_server,dmz,4.0,database_server,restricted,5.0,1,1,0,1.0,6.8,6.8,6.8,0.00571,0.00571,0,0,7,1,2,1,1,0.75,41.3282,Medium
PATH-0154,1.3.6.1.4.1.25623.1.0.12085,71,http,8080,tcp,web_server,dmz,4.0,database_server,restricted,5.0,1,0,1,0.0,6.8,6.8,6.8,0.0,0.0,0,0,7,1,2,1,1,0.75,41.1756,Medium
PATH-0012,CVE-2005-3398,72,http,80,tcp,vulnerable_server,dmz,3.0,database_server,restricted,5.0,1,1,0,1.0,5.8,5.8,5.8,0.13108,0.13108,0,0,7,1,2,1,1,0.75,41.1154,Medium
PATH-0053,CVE-2005-3398,73,http,443,tcp,web_server,dmz,4.0,database_server,restricted,5.0,1,1,0,1.0,5.8,5.8,5.8,0.13108,0.13108,0,0,7,1,2,1,1,0.75,41.1154,Medium
PATH-0111,CVE-2005-3398,74,http,80,tcp,web_server,dmz,4.0,database_server,restricted,5.0,1,1,0,1.0,5.8,5.8,5.8,0.13108,0.13108,0,0,7,1,2,1,1,0.75,41.1154,Medium
PATH-0155,CVE-2012-6708,75,http,8081,tcp,web_server,dmz,4.0,database_server,restricted,5.0,1,1,0,1.0,6.1,6.1,6.1,0.08632,0.08632,0,0,7,1,2,1,1,0.75,40.9882,Medium
PATH-0003,1.3.6.1.4.1.25623.1.0.900600,76,ftp,21,tcp,vulnerable_server,dmz,3.0,database_server,restricted,5.0,1,0,1,0.0,6.4,6.4,6.4,0.0,0.0,0,0,7,1,2,1,1,0.75,39.7506,Medium
PATH-0086,CVE-2016-6329,77,http,443,tcp,web_server,dmz,4.0,database_server,restricted,5.0,1,1,0,1.0,5.9,5.9,5.9,0.0594,0.0594,0,0,7,1,2,1,1,0.75,39.5564,Medium
PATH-0097,CVE-2018-6379,78,http,443,tcp,web_server,dmz,4.0,database_server,restricted,5.0,1,1,0,1.0,6.1,6.1,6.1,0.01665,0.01665,0,0,7,1,2,1,1,0.75,39.1267,Medium
PATH-0149,CVE-2018-6379,79,http,80,tcp,web_server,dmz,4.0,database_server,restricted,5.0,1,1,0,1.0,6.1,6.1,6.1,0.01665,0.01665,0,0,7,1,2,1,1,0.75,39.1267,Medium
PATH-0037,CVE-2018-20212,80,http,80,tcp,vulnerable_server,dmz,3.0,database_server,restricted,5.0,1,1,0,1.0,6.1,6.1,6.1,0.01586,0.01586,0,0,7,1,2,1,1,0.75,39.1056,Medium
PATH-0096,CVE-2018-6378,81,http,443,tcp,web_server,dmz,4.0,database_server,restricted,5.0,1,1,0,1.0,6.1,6.1,6.1,0.01413,0.01413,0,0,7,1,2,1,1,0.75,39.0594,Medium
PATH-0148,CVE-2018-6378,82,http,80,tcp,web_server,dmz,4.0,database_server,restricted,5.0,1,1,0,1.0,6.1,6.1,6.1,0.01413,0.01413,0,0,7,1,2,1,1,0.75,39.0594,Medium
PATH-0090,CVE-2017-7985,83,http,443,tcp,web_server,dmz,4.0,database_server,restricted,5.0,1,1,0,1.0,6.1,6.1,6.1,0.01333,0.01333,0,0,7,1,2,1,1,0.75,39.038,Medium
PATH-0142,CVE-2017-7985,84,http,80,tcp,web_server,dmz,4.0,database_server,restricted,5.0,1,1,0,1.0,6.1,6.1,6.1,0.01333,0.01333,0,0,7,1,2,1,1,0.75,39.038,Medium
PATH-0087,CVE-2017-11612,85,http,443,tcp,web_server,dmz,4.0,database_server,restricted,5.0,1,1,0,1.0,6.1,6.1,6.1,0.00965,0.00965,0,0,7,1,2,1,1,0.75,38.9397,Medium
PATH-0139,CVE-2017-11612,86,http,80,tcp,web_server,dmz,4.0,database_server,restricted,5.0,1,1,0,1.0,6.1,6.1,6.1,0.00965,0.00965,0,0,7,1,2,1,1,0.75,38.9397,Medium
PATH-0091,CVE-2017-7986,87,http,443,tcp,web_server,dmz,4.0,database_server,restricted,5.0,1,1,0,1.0,6.1,6.1,6.1,0.00787,0.00787,0,0,7,1,2,1,1,0.75,38.8921,Medium
PATH-0143,CVE-2017-7986,88,http,80,tcp,web_server,dmz,4.0,database_server,restricted,5.0,1,1,0,1.0,6.1,6.1,6.1,0.00787,0.00787,0,0,7,1,2,1,1,0.75,38.8921,Medium
PATH-0020,CVE-2009-1339,89,http,80,tcp,vulnerable_server,dmz,3.0,database_server,restricted,5.0,1,1,0,1.0,6.0,6.0,6.0,0.00748,0.00748,0,0,7,1,2,1,1,0.75,38.5255,Medium
PATH-0010,CVE-2004-2320,90,http,80,tcp,vulnerable_server,dmz,3.0,database_server,restricted,5.0,1,1,0,1.0,5.8,5.8,5.8,0.02582,0.02582,0,0,7,1,2,1,1,0.75,38.303,Medium
PATH-0051,CVE-2004-2320,91,http,443,tcp,web_server,dmz,4.0,database_server,restricted,5.0,1,1,0,1.0,5.8,5.8,5.8,0.02582,0.02582,0,0,7,1,2,1,1,0.75,38.303,Medium
PATH-0109,CVE-2004-2320,92,http,80,tcp,web_server,dmz,4.0,database_server,restricted,5.0,1,1,0,1.0,5.8,5.8,5.8,0.02582,0.02582,0,0,7,1,2,1,1,0.75,38.303,Medium
PATH-0011,CVE-2004-2763,93,http,80,tcp,vulnerable_server,dmz,3.0,database_server,restricted,5.0,1,1,0,1.0,5.8,5.8,5.8,0.02178,0.02178,0,0,7,1,2,1,1,0.75,38.195,Medium
PATH-0052,CVE-2004-2763,94,http,443,tcp,web_server,dmz,4.0,database_server,restricted,5.0,1,1,0,1.0,5.8,5.8,5.8,0.02178,0.02178,0,0,7,1,2,1,1,0.75,38.195,Medium
PATH-0110,CVE-2004-2763,95,http,80,tcp,web_server,dmz,4.0,database_server,restricted,5.0,1,1,0,1.0,5.8,5.8,5.8,0.02178,0.02178,0,0,7,1,2,1,1,0.75,38.195,Medium
PATH-0019,CVE-2008-7253,96,http,80,tcp,vulnerable_server,dmz,3.0,database_server,restricted,5.0,1,1,0,1.0,5.8,5.8,5.8,0.02093,0.02093,0,0,7,1,2,1,1,0.75,38.1723,Medium
PATH-0058,CVE-2008-7253,97,http,443,tcp,web_server,dmz,4.0,database_server,restricted,5.0,1,1,0,1.0,5.8,5.8,5.8,0.02093,0.02093,0,0,7,1,2,1,1,0.75,38.1723,Medium
PATH-0117,CVE-2008-7253,98,http,80,tcp,web_server,dmz,4.0,database_server,restricted,5.0,1,1,0,1.0,5.8,5.8,5.8,0.02093,0.02093,0,0,7,1,2,1,1,0.75,38.1723,Medium
PATH-0021,CVE-2009-2823,99,http,80,tcp,vulnerable_server,dmz,3.0,database_server,restricted,5.0,1,1,0,1.0,5.8,5.8,5.8,0.01684,0.01684,0,0,7,1,2,1,1,0.75,38.063,Medium
PATH-0061,CVE-2009-2823,100,http,443,tcp,web_server,dmz,4.0,database_server,restricted,5.0,1,1,0,1.0,5.8,5.8,5.8,0.01684,0.01684,0,0,7,1,2,1,1,0.75,38.063,Medium
PATH-0120,CVE-2009-2823,101,http,80,tcp,web_server,dmz,4.0,database_server,restricted,5.0,1,1,0,1.0,5.8,5.8,5.8,0.01684,0.01684,0,0,7,1,2,1,1,0.75,38.063,Medium
PATH-0014,CVE-2007-3008,102,http,80,tcp,vulnerable_server,dmz,3.0,database_server,restricted,5.0,1,1,0,1.0,5.8,5.8,5.8,0.01454,0.01454,0,0,7,1,2,1,1,0.75,38.0016,Medium
PATH-0055,CVE-2007-3008,103,http,443,tcp,web_server,dmz,4.0,database_server,restricted,5.0,1,1,0,1.0,5.8,5.8,5.8,0.01454,0.01454,0,0,7,1,2,1,1,0.75,38.0016,Medium
PATH-0114,CVE-2007-3008,104,http,80,tcp,web_server,dmz,4.0,database_server,restricted,5.0,1,1,0,1.0,5.8,5.8,5.8,0.01454,0.01454,0,0,7,1,2,1,1,0.75,38.0016,Medium
PATH-0031,CVE-2012-2223,105,http,80,tcp,vulnerable_server,dmz,3.0,database_server,restricted,5.0,1,1,0,1.0,5.8,5.8,5.8,0.01344,0.01344,0,0,7,1,2,1,1,0.75,37.9722,Medium
PATH-0071,CVE-2012-2223,106,http,443,tcp,web_server,dmz,4.0,database_server,restricted,5.0,1,1,0,1.0,5.8,5.8,5.8,0.01344,0.01344,0,0,7,1,2,1,1,0.75,37.9722,Medium
PATH-0133,CVE-2012-2223,107,http,80,tcp,web_server,dmz,4.0,database_server,restricted,5.0,1,1,0,1.0,5.8,5.8,5.8,0.01344,0.01344,0,0,7,1,2,1,1,0.75,37.9722,Medium
PATH-0013,CVE-2006-4683,108,http,80,tcp,vulnerable_server,dmz,3.0,database_server,restricted,5.0,1,1,0,1.0,5.8,5.8,5.8,0.0133,0.0133,0,0,7,1,2,1,1,0.75,37.9685,Medium
PATH-0054,CVE-2006-4683,109,http,443,tcp,web_server,dmz,4.0,database_server,restricted,5.0,1,1,0,1.0,5.8,5.8,5.8,0.0133,0.0133,0,0,7,1,2,1,1,0.75,37.9685,Medium
PATH-0113,CVE-2006-4683,110,http,80,tcp,web_server,dmz,4.0,database_server,restricted,5.0,1,1,0,1.0,5.8,5.8,5.8,0.0133,0.0133,0,0,7,1,2,1,1,0.75,37.9685,Medium
PATH-0039,CVE-2018-7188,111,http,80,tcp,vulnerable_server,dmz,3.0,database_server,restricted,5.0,1,1,0,1.0,5.4,5.4,5.4,0.00516,0.00516,0,0,7,1,2,1,1,0.75,36.326,Medium
PATH-0099,CVE-2018-7188,112,http,443,tcp,web_server,dmz,4.0,database_server,restricted,5.0,1,1,0,1.0,5.4,5.4,5.4,0.00516,0.00516,0,0,7,1,2,1,1,0.75,36.326,Medium
PATH-0151,CVE-2018-7188,113,http,80,tcp,web_server,dmz,4.0,database_server,restricted,5.0,1,1,0,1.0,5.4,5.4,5.4,0.00516,0.00516,0,0,7,1,2,1,1,0.75,36.326,Medium
PATH-0084,CVE-2016-1776,114,http,443,tcp,web_server,dmz,4.0,database_server,restricted,5.0,1,1,0,1.0,5.3,5.3,5.3,0.01813,0.01813,0,0,7,1,2,1,1,0.75,36.3163,Medium
PATH-0138,CVE-2016-1776,115,http,80,tcp,web_server,dmz,4.0,database_server,restricted,5.0,1,1,0,1.0,5.3,5.3,5.3,0.01813,0.01813,0,0,7,1,2,1,1,0.75,36.3163,Medium
PATH-0089,CVE-2017-7983,116,http,443,tcp,web_server,dmz,4.0,database_server,restricted,5.0,1,1,0,1.0,5.3,5.3,5.3,0.01129,0.01129,0,0,7,1,2,1,1,0.75,36.1335,Medium
PATH-0141,CVE-2017-7983,117,http,80,tcp,web_server,dmz,4.0,database_server,restricted,5.0,1,1,0,1.0,5.3,5.3,5.3,0.01129,0.01129,0,0,7,1,2,1,1,0.75,36.1335,Medium
PATH-0098,CVE-2018-6470,118,http,443,tcp,web_server,dmz,4.0,database_server,restricted,5.0,1,1,0,1.0,5.3,5.3,5.3,0.01065,0.01065,0,0,7,1,2,1,1,0.75,36.1164,Medium
PATH-0150,CVE-2018-6470,119,http,80,tcp,web_server,dmz,4.0,database_server,restricted,5.0,1,1,0,1.0,5.3,5.3,5.3,0.01065,0.01065,0,0,7,1,2,1,1,0.75,36.1164,Medium
PATH-0112,CVE-2006-2247,120,http,80,tcp,web_server,dmz,4.0,database_server,restricted,5.0,1,1,0,1.0,5.0,5.0,5.0,0.01655,0.01655,0,0,7,1,2,1,1,0.75,35.2053,Medium
PATH-0017,CVE-2008-5318,121,http,80,tcp,vulnerable_server,dmz,3.0,database_server,restricted,5.0,1,1,0,1.0,5.0,5.0,5.0,0.01268,0.01268,0,0,7,1,2,1,1,0.75,35.1019,Medium
PATH-0018,CVE-2008-5319,122,http,80,tcp,vulnerable_server,dmz,3.0,database_server,restricted,5.0,1,1,0,1.0,5.0,5.0,5.0,0.01268,0.01268,0,0,7,1,2,1,1,0.75,35.1019,Medium
PATH-0056,CVE-2008-5318,123,http,443,tcp,web_server,dmz,4.0,database_server,restricted,5.0,1,1,0,1.0,5.0,5.0,5.0,0.01268,0.01268,0,0,7,1,2,1,1,0.75,35.1019,Medium
PATH-0057,CVE-2008-5319,124,http,443,tcp,web_server,dmz,4.0,database_server,restricted,5.0,1,1,0,1.0,5.0,5.0,5.0,0.01268,0.01268,0,0,7,1,2,1,1,0.75,35.1019,Medium
PATH-0115,CVE-2008-5318,125,http,80,tcp,web_server,dmz,4.0,database_server,restricted,5.0,1,1,0,1.0,5.0,5.0,5.0,0.01268,0.01268,0,0,7,1,2,1,1,0.75,35.1019,Medium
PATH-0116,CVE-2008-5319,126,http,80,tcp,web_server,dmz,4.0,database_server,restricted,5.0,1,1,0,1.0,5.0,5.0,5.0,0.01268,0.01268,0,0,7,1,2,1,1,0.75,35.1019,Medium
PATH-0004,1.3.6.1.4.1.25623.1.0.103210,127,http,80,tcp,vulnerable_server,dmz,3.0,database_server,restricted,5.0,1,0,1,0.0,5.0,5.0,5.0,0.0,0.0,0,0,7,1,2,1,1,0.75,34.7631,Medium
PATH-0042,1.3.6.1.4.1.25623.1.0.103210,128,http,443,tcp,web_server,dmz,4.0,database_server,restricted,5.0,1,0,1,0.0,5.0,5.0,5.0,0.0,0.0,0,0,7,1,2,1,1,0.75,34.7631,Medium
PATH-0043,1.3.6.1.4.1.25623.1.0.103955,129,http,443,tcp,web_server,dmz,4.0,database_server,restricted,5.0,1,0,1,0.0,5.0,5.0,5.0,0.0,0.0,0,0,7,1,2,1,1,0.75,34.7631,Medium
PATH-0046,1.3.6.1.4.1.25623.1.0.107305,130,http,443,tcp,web_server,dmz,4.0,database_server,restricted,5.0,1,0,1,0.0,5.0,5.0,5.0,0.0,0.0,0,0,7,1,2,1,1,0.75,34.7631,Medium
PATH-0047,1.3.6.1.4.1.25623.1.0.111084,131,http,443,tcp,web_server,dmz,4.0,database_server,restricted,5.0,1,0,1,0.0,5.0,5.0,5.0,0.0,0.0,0,0,7,1,2,1,1,0.75,34.7631,Medium
PATH-0102,1.3.6.1.4.1.25623.1.0.103210,132,http,80,tcp,web_server,dmz,4.0,database_server,restricted,5.0,1,0,1,0.0,5.0,5.0,5.0,0.0,0.0,0,0,7,1,2,1,1,0.75,34.7631,Medium
PATH-0104,1.3.6.1.4.1.25623.1.0.111084,133,http,80,tcp,web_server,dmz,4.0,database_server,restricted,5.0,1,0,1,0.0,5.0,5.0,5.0,0.0,0.0,0,0,7,1,2,1,1,0.75,34.7631,Medium
PATH-0059,CVE-2009-0796,134,http,443,tcp,web_server,dmz,4.0,database_server,restricted,5.0,1,1,0,1.0,2.6,2.6,2.6,0.29638,0.29638,0,0,7,1,2,1,1,0.75,34.132,Medium
PATH-0118,CVE-2009-0796,135,http,80,tcp,web_server,dmz,4.0,database_server,restricted,5.0,1,1,0,1.0,2.6,2.6,2.6,0.29638,0.29638,0,0,7,1,2,1,1,0.75,34.132,Medium
PATH-0002,1.3.6.1.4.1.25623.1.0.108528,136,ftp,21,tcp,vulnerable_server,dmz,3.0,database_server,restricted,5.0,1,0,1,0.0,4.8,4.8,4.8,0.0,0.0,0,0,7,1,2,1,1,0.75,34.0506,Medium
PATH-0006,1.3.6.1.4.1.25623.1.0.108440,137,http,80,tcp,vulnerable_server,dmz,3.0,database_server,restricted,5.0,1,0,1,0.0,4.8,4.8,4.8,0.0,0.0,0,0,7,1,2,1,1,0.75,34.0506,Medium
PATH-0103,1.3.6.1.4.1.25623.1.0.108440,138,http,80,tcp,web_server,dmz,4.0,database_server,restricted,5.0,1,0,1,0.0,4.8,4.8,4.8,0.0,0.0,0,0,7,1,2,1,1,0.75,34.0506,Medium
PATH-0153,1.3.6.1.4.1.25623.1.0.108440,139,http,8080,tcp,web_server,dmz,4.0,database_server,restricted,5.0,1,0,1,0.0,4.8,4.8,4.8,0.0,0.0,0,0,7,1,2,1,1,0.75,34.0506,Medium
PATH-0049,CVE-2003-1418,140,http,443,tcp,web_server,dmz,4.0,database_server,restricted,5.0,1,1,0,1.0,4.3,4.3,4.3,0.06581,0.06581,0,0,7,1,2,1,1,0.75,34.0277,Medium
PATH-0107,CVE-2003-1418,141,http,80,tcp,web_server,dmz,4.0,database_server,restricted,5.0,1,1,0,1.0,4.3,4.3,4.3,0.06581,0.06581,0,0,7,1,2,1,1,0.75,34.0277,Medium
PATH-0028,CVE-2010-4480,142,http,80,tcp,vulnerable_server,dmz,3.0,database_server,restricted,5.0,1,1,0,1.0,4.3,4.3,4.3,0.05829,0.05829,0,0,7,1,2,1,1,0.75,33.8268,Medium
PATH-0068,CVE-2010-4480,143,http,443,tcp,web_server,dmz,4.0,database_server,restricted,5.0,1,1,0,1.0,4.3,4.3,4.3,0.05829,0.05829,0,0,7,1,2,1,1,0.75,33.8268,Medium
PATH-0130,CVE-2010-4480,144,http,80,tcp,web_server,dmz,4.0,database_server,restricted,5.0,1,1,0,1.0,4.3,4.3,4.3,0.05829,0.05829,0,0,7,1,2,1,1,0.75,33.8268,Medium
PATH-0060,CVE-2009-1204,145,http,443,tcp,web_server,dmz,4.0,database_server,restricted,5.0,1,1,0,1.0,4.3,4.3,4.3,0.0454,0.0454,0,0,7,1,2,1,1,0.75,33.4824,Medium
PATH-0119,CVE-2009-1204,146,http,80,tcp,web_server,dmz,4.0,database_server,restricted,5.0,1,1,0,1.0,4.3,4.3,4.3,0.0454,0.0454,0,0,7,1,2,1,1,0.75,33.4824,Medium
PATH-0067,CVE-2010-3712,147,http,443,tcp,web_server,dmz,4.0,database_server,restricted,5.0,1,1,0,1.0,4.3,4.3,4.3,0.01528,0.01528,0,0,7,1,2,1,1,0.75,32.6776,Medium
PATH-0129,CVE-2010-3712,148,http,80,tcp,web_server,dmz,4.0,database_server,restricted,5.0,1,1,0,1.0,4.3,4.3,4.3,0.01528,0.01528,0,0,7,1,2,1,1,0.75,32.6776,Medium
PATH-0041,1.3.6.1.4.1.25623.1.0.103132,149,http,443,tcp,web_server,dmz,4.0,database_server,restricted,5.0,1,0,1,0.0,4.3,4.3,4.3,0.0,0.0,0,0,7,1,2,1,1,0.75,32.2694,Medium
PATH-0101,1.3.6.1.4.1.25623.1.0.103132,150,http,80,tcp,web_server,dmz,4.0,database_server,restricted,5.0,1,0,1,0.0,4.3,4.3,4.3,0.0,0.0,0,0,7,1,2,1,1,0.75,32.2694,Medium
PATH-0106,1.3.6.1.4.1.25623.1.0.802305,151,http,80,tcp,web_server,dmz,4.0,database_server,restricted,5.0,1,0,1,0.0,4.3,4.3,4.3,0.0,0.0,0,0,7,1,2,1,1,0.75,32.2694,Medium
PATH-0044,1.3.6.1.4.1.25623.1.0.105880,152,http,443,tcp,web_server,dmz,4.0,database_server,restricted,5.0,1,0,1,0.0,4.0,4.0,4.0,0.0,0.0,0,0,7,1,2,1,1,0.75,31.2006,Medium
PATH-0045,1.3.6.1.4.1.25623.1.0.106223,153,http,443,tcp,web_server,dmz,4.0,database_server,restricted,5.0,1,0,1,0.0,4.0,4.0,4.0,0.0,0.0,0,0,7,1,2,1,1,0.75,31.2006,Medium
PATH-0072,CVE-2012-4929,154,http,443,tcp,web_server,dmz,4.0,database_server,restricted,5.0,1,1,0,1.0,2.6,2.6,2.6,0.04266,0.04266,0,0,7,1,2,1,1,0.75,27.3529,Low
PATH-0073,CVE-2012-4930,155,http,443,tcp,web_server,dmz,4.0,database_server,restricted,5.0,1,1,0,1.0,2.6,2.6,2.6,0.02079,0.02079,0,0,7,1,2,1,1,0.75,26.7686,Low
