cve_id,nvd_found,cvss_version,cvss_score,severity,vector,attack_vector,attack_complexity,privileges_required,user_interaction,cwe,nvd_description
CVE-1999-0678,True,2.0,5.0,MEDIUM,AV:N/AC:L/Au:N/C:P/I:N/A:N,NETWORK,LOW,,,NVD-CWE-Other,"A default configuration of Apache on Debian GNU/Linux sets the ServerRoot to /usr/doc, which allows remote users to read documentation files for the entire server."
CVE-2003-1418,True,2.0,4.3,MEDIUM,AV:N/AC:M/Au:N/C:P/I:N/A:N,NETWORK,MEDIUM,,,CWE-200,"Apache HTTP Server 1.3.22 through 1.3.27 on OpenBSD allows remote attackers to obtain sensitive information via (1) the ETag header, which reveals the inode number, or (2) multipart MIME boundary, which reveals child process IDs (PID)."
CVE-2003-1567,True,3.1,7.5,HIGH,CVSS:3.1/AV:N/AC:L/PR:N/UI:N/S:U/C:H/I:N/A:N,NETWORK,LOW,NONE,NONE,CWE-200,"The undocumented TRACK method in Microsoft Internet Information Services (IIS) 5.0 returns the content of the original request in the body of the response, which makes it easier for remote attackers to steal cookies and authentication credentials, or bypass the HttpOnly protection mechanism, by using TRACK to read the contents of the HTTP headers that are returned in the response, a technique that is similar to cross-site tracing (XST) using HTTP TRACE."
CVE-2004-2320,True,3.1,5.3,MEDIUM,CVSS:3.1/AV:N/AC:L/PR:N/UI:N/S:U/C:L/I:N/A:N,NETWORK,LOW,NONE,NONE,CWE-200,"The default configuration of BEA WebLogic Server and Express 8.1 SP2 and earlier, 7.0 SP4 and earlier, 6.1 through SP6, and 5.1 through SP13 responds to the HTTP TRACE request, which can allow remote attackers to steal information using cross-site tracing (XST) attacks in applications that are vulnerable to cross-site scripting."
CVE-2004-2687,True,2.0,9.3,HIGH,AV:N/AC:M/Au:N/C:C/I:C/A:C,NETWORK,MEDIUM,,,CWE-16,"distcc 2.x, as used in XCode 1.5 and others, when not configured to restrict access to the server port, allows remote attackers to execute arbitrary commands via compilation jobs, which are executed by the server without authorization checks."
CVE-2004-2763,True,2.0,5.8,MEDIUM,AV:N/AC:M/Au:N/C:P/I:P/A:N,NETWORK,MEDIUM,,,CWE-16,"The default configuration of Sun ONE/iPlanet Web Server 4.1 SP1 through SP12 and 6.0 SP1 through SP5 responds to the HTTP TRACE request, which can allow remote attackers to steal information using cross-site tracing (XST) attacks in applications that are vulnerable to cross-site scripting."
CVE-2005-3398,True,2.0,4.3,MEDIUM,AV:N/AC:M/Au:N/C:P/I:N/A:N,NETWORK,MEDIUM,,,CWE-200,"The default configuration of the web server for the Solaris Management Console (SMC) in Solaris 8, 9, and 10 enables the HTTP TRACE method, which could allow remote attackers to obtain sensitive information such as cookies and authentication data from HTTP headers."
CVE-2006-2247,True,2.0,5.0,MEDIUM,AV:N/AC:L/Au:N/C:P/I:N/A:N,NETWORK,LOW,,,NVD-CWE-Other,"WebCalendar 1.0.1 to 1.0.3 generates different error messages depending on whether or not a username is valid, which allows remote attackers to enumerate valid usernames."
CVE-2006-4683,True,2.0,5.0,MEDIUM,AV:N/AC:L/Au:N/C:P/I:N/A:N,NETWORK,LOW,,,NVD-CWE-Other,IBM Director before 5.10 allows remote attackers to obtain sensitive information from HTTP headers via HTTP TRACE.
CVE-2007-3008,True,2.0,4.3,MEDIUM,AV:N/AC:M/Au:N/C:N/I:P/A:N,NETWORK,MEDIUM,,,CWE-79,"Mbedthis AppWeb before 2.2.2 enables the HTTP TRACE method, which has unspecified impact probably related to remote information leaks and cross-site tracing (XST) attacks, a related issue to CVE-2004-2320 and CVE-2005-3398."
CVE-2008-5304,True,2.0,4.3,MEDIUM,AV:N/AC:M/Au:N/C:N/I:P/A:N,NETWORK,MEDIUM,,,CWE-79,Cross-site scripting (XSS) vulnerability in TWiki before 4.2.4 allows remote attackers to inject arbitrary web script or HTML via the %URLPARAM{}% variable.
CVE-2008-5305,True,2.0,10.0,HIGH,AV:N/AC:L/Au:N/C:C/I:C/A:C,NETWORK,LOW,,,CWE-94,Eval injection vulnerability in TWiki before 4.2.4 allows remote attackers to execute arbitrary Perl code via the %SEARCH{}% variable.
CVE-2008-5318,True,2.0,5.0,MEDIUM,AV:N/AC:L/Au:N/C:N/I:P/A:N,NETWORK,LOW,,,NVD-CWE-noinfo,"Unspecified vulnerability in Tikiwiki before 2.2 has unknown impact and attack vectors related to ""size of user-provided input,"" a different issue than CVE-2008-3653."
CVE-2008-5319,True,2.0,5.0,MEDIUM,AV:N/AC:L/Au:N/C:N/I:P/A:N,NETWORK,LOW,,,NVD-CWE-noinfo,"Unspecified vulnerability in Tikiwiki before 2.2 has unknown impact and attack vectors related to tiki-error.php, a different issue than CVE-2008-3653."
CVE-2008-7253,True,2.0,4.3,MEDIUM,AV:N/AC:M/Au:N/C:P/I:N/A:N,NETWORK,MEDIUM,,,CWE-16,"The default configuration of the web server in IBM Lotus Domino Server, possibly 6.0 through 8.0, enables the HTTP TRACE method, which makes it easier for remote attackers to steal cookies and authentication credentials via a cross-site tracing (XST) attack, a related issue to CVE-2004-2763 and CVE-2005-3398."
CVE-2009-0796,True,2.0,2.6,LOW,AV:N/AC:H/Au:N/C:N/I:P/A:N,NETWORK,HIGH,,,CWE-79,"Cross-site scripting (XSS) vulnerability in Status.pm in Apache::Status and Apache2::Status in mod_perl1 and mod_perl2 for the Apache HTTP Server, when /perl-status is accessible, allows remote attackers to inject arbitrary web script or HTML via the URI."
CVE-2009-1204,True,2.0,4.3,MEDIUM,AV:N/AC:M/Au:N/C:N/I:P/A:N,NETWORK,MEDIUM,,,CWE-79,"Cross-site scripting (XSS) vulnerability in TikiWiki (Tiki) CMS/Groupware 2.2 allows remote attackers to inject arbitrary web script or HTML via the PHP_SELF portion of a URI to (1) tiki-galleries.php, (2) tiki-list_file_gallery.php, (3) tiki-listpages.php, and (4) tiki-orphan_pages.php."
CVE-2009-1339,True,2.0,6.0,MEDIUM,AV:N/AC:M/Au:S/C:P/I:P/A:P,NETWORK,MEDIUM,,,CWE-352,"Cross-site request forgery (CSRF) vulnerability in TWiki before 4.3.1 allows remote authenticated users to hijack the authentication of arbitrary users for requests that update pages, as demonstrated by a URL for a save script in the SRC attribute of an IMG element, a related issue to CVE-2009-1434."
CVE-2009-2823,True,2.0,4.3,MEDIUM,AV:N/AC:M/Au:N/C:N/I:P/A:N,NETWORK,MEDIUM,,,CWE-79,"The Apache HTTP Server in Apple Mac OS X before 10.6.2 enables the HTTP TRACE method, which allows remote attackers to conduct cross-site scripting (XSS) attacks via unspecified web client software."
CVE-2009-4898,True,2.0,6.8,MEDIUM,AV:N/AC:M/Au:N/C:P/I:P/A:P,NETWORK,MEDIUM,,,CWE-352,"Cross-site request forgery (CSRF) vulnerability in TWiki before 4.3.2 allows remote attackers to hijack the authentication of arbitrary users for requests that update pages, as demonstrated by a URL for a save script in the ACTION attribute of a FORM element, in conjunction with a call to the submit method in the onload attribute of a BODY element.  NOTE: this issue exists because of an insufficient fix for CVE-2009-1339."
CVE-2010-0386,True,3.1,8.1,HIGH,CVSS:3.1/AV:N/AC:L/PR:N/UI:R/S:U/C:H/I:H/A:N,NETWORK,LOW,NONE,REQUIRED,CWE-16,"The default configuration of Sun Java System Application Server 7 and 7 2004Q2 enables the HTTP TRACE method, which makes it easier for remote attackers to steal cookies and authentication credentials via a cross-site tracing (XST) attack, a related issue to CVE-2004-2763 and CVE-2005-3398."
CVE-2010-0636,True,2.0,4.3,MEDIUM,AV:N/AC:M/Au:N/C:N/I:P/A:N,NETWORK,MEDIUM,,,CWE-79,"Multiple cross-site scripting (XSS) vulnerabilities in WebCalendar 1.2.0, and other versions before 1.2.5, allow remote attackers to inject arbitrary web script or HTML via the (1) tab parameter to users.php and the PATH_INFO to (2) day.php, (3) month.php, and (4) week.php.  NOTE: some of these details are obtained from third party information."
CVE-2010-0637,True,2.0,6.8,MEDIUM,AV:N/AC:M/Au:N/C:P/I:P/A:P,NETWORK,MEDIUM,,,CWE-352,"Multiple cross-site request forgery (CSRF) vulnerabilities in WebCalendar 1.2.0, and other versions before 1.2.5, allow remote attackers to hijack the authentication of administrators for requests that (1) delete an event or (2) ban an IP address from posting via unknown vectors.  NOTE: some of these details are obtained from third party information."
CVE-2010-0638,True,2.0,6.8,MEDIUM,AV:N/AC:M/Au:N/C:P/I:P/A:P,NETWORK,MEDIUM,,,CWE-352,Cross-site request forgery (CSRF) vulnerability in WebCalendar 1.2.0 allows remote attackers to hijack the authentication of administrators for requests that change the administrative password via unknown vectors.  NOTE: the provenance of this information is unknown; the details are obtained solely from third party information.
CVE-2010-1133,True,2.0,7.5,HIGH,AV:N/AC:L/Au:N/C:P/I:P/A:P,NETWORK,LOW,,,CWE-89,"Multiple SQL injection vulnerabilities in TikiWiki CMS/Groupware 4.x before 4.2 allow remote attackers to execute arbitrary SQL commands via unspecified vectors, probably related to (1) tiki-searchindex.php and (2) tiki-searchresults.php."
CVE-2010-1134,True,2.0,7.5,HIGH,AV:N/AC:L/Au:N/C:P/I:P/A:P,NETWORK,LOW,,,CWE-89,SQL injection vulnerability in the _find function in searchlib.php in TikiWiki CMS/Groupware 3.x before 3.5 allows remote attackers to execute arbitrary SQL commands via the $searchDate variable.
CVE-2010-1135,True,2.0,7.5,HIGH,AV:N/AC:L/Au:N/C:P/I:P/A:P,NETWORK,LOW,,,CWE-255,"The user_logout function in TikiWiki CMS/Groupware 4.x before 4.2 does not properly delete user login cookies, which allows remote attackers to gain access via cookie reuse."
CVE-2010-1136,True,2.0,7.5,HIGH,AV:N/AC:L/Au:N/C:P/I:P/A:P,NETWORK,LOW,,,CWE-264,"The Standard Remember method in TikiWiki CMS/Groupware 3.x before 3.5 allows remote attackers to bypass access restrictions related to ""persistent login,"" probably due to the generation of predictable cookies based on the IP address and User agent in userslib.php."
CVE-2010-3712,True,2.0,4.3,MEDIUM,AV:N/AC:M/Au:N/C:N/I:P/A:N,NETWORK,MEDIUM,,,CWE-79,"Cross-site scripting (XSS) vulnerability in Joomla! 1.5.x before 1.5.21 and 1.6.x before 1.6.1 allows remote attackers to inject arbitrary web script or HTML via vectors involving ""multiple encoded entities,"" as demonstrated by the query string to index.php in the com_weblinks or com_content component."
CVE-2010-4480,True,2.0,4.3,MEDIUM,AV:N/AC:M/Au:N/C:N/I:P/A:N,NETWORK,MEDIUM,,,CWE-79,"error.php in PhpMyAdmin 3.3.8.1, and other versions before 3.4.0-beta1, allows remote attackers to conduct cross-site scripting (XSS) attacks via a crafted BBcode tag containing ""@"" characters, as demonstrated using ""[a@url@page]""."
CVE-2011-0411,True,2.0,6.8,MEDIUM,AV:N/AC:M/Au:N/C:P/I:P/A:P,NETWORK,MEDIUM,,,CWE-264,"The STARTTLS implementation in Postfix 2.4.x before 2.4.16, 2.5.x before 2.5.12, 2.6.x before 2.6.9, and 2.7.x before 2.7.3 does not properly restrict I/O buffering, which allows man-in-the-middle attackers to insert commands into encrypted SMTP sessions by sending a cleartext command that is processed after TLS is in place, related to a ""plaintext command injection"" attack."
CVE-2011-1430,True,2.0,6.8,MEDIUM,AV:N/AC:M/Au:N/C:P/I:P/A:P,NETWORK,MEDIUM,,,CWE-20,"The STARTTLS implementation in the server in Ipswitch IMail 11.03 and earlier does not properly restrict I/O buffering, which allows man-in-the-middle attackers to insert commands into encrypted SMTP sessions by sending a cleartext command that is processed after TLS is in place, related to a ""plaintext command injection"" attack, a similar issue to CVE-2011-0411."
CVE-2011-1431,True,2.0,6.8,MEDIUM,AV:N/AC:M/Au:N/C:P/I:P/A:P,NETWORK,MEDIUM,,,NVD-CWE-Other,"The STARTTLS implementation in qmail-smtpd.c in qmail-smtpd in the netqmail-1.06-tls patch for netqmail 1.06 does not properly restrict I/O buffering, which allows man-in-the-middle attackers to insert commands into encrypted SMTP sessions by sending a cleartext command that is processed after TLS is in place, related to a ""plaintext command injection"" attack, a similar issue to CVE-2011-0411."
CVE-2011-1432,True,2.0,6.8,MEDIUM,AV:N/AC:M/Au:N/C:P/I:P/A:P,NETWORK,MEDIUM,,,NVD-CWE-Other,"The STARTTLS implementation in SCO SCOoffice Server does not properly restrict I/O buffering, which allows man-in-the-middle attackers to insert commands into encrypted SMTP sessions by sending a cleartext command that is processed after TLS is in place, related to a ""plaintext command injection"" attack, a similar issue to CVE-2011-0411."
CVE-2011-1506,True,2.0,6.8,MEDIUM,AV:N/AC:M/Au:N/C:P/I:P/A:P,NETWORK,MEDIUM,,,CWE-20,"The STARTTLS implementation in Kerio Connect 7.1.4 build 2985 and MailServer 6.x does not properly restrict I/O buffering, which allows man-in-the-middle attackers to insert commands into encrypted SMTP sessions by sending a cleartext command that is processed after TLS is in place, related to a ""plaintext command injection"" attack, a similar issue to CVE-2011-0411.  NOTE: some of these details are obtained from third party information."
CVE-2011-1575,True,2.0,5.8,MEDIUM,AV:N/AC:M/Au:N/C:P/I:P/A:N,NETWORK,MEDIUM,,,CWE-399,"The STARTTLS implementation in ftp_parser.c in Pure-FTPd before 1.0.30 does not properly restrict I/O buffering, which allows man-in-the-middle attackers to insert commands into encrypted FTP sessions by sending a cleartext command that is processed after TLS is in place, related to a ""plaintext command injection"" attack, a similar issue to CVE-2011-0411."
CVE-2011-1926,True,2.0,5.1,MEDIUM,AV:N/AC:H/Au:N/C:P/I:P/A:P,NETWORK,HIGH,,,CWE-264,"The STARTTLS implementation in Cyrus IMAP Server before 2.4.7 does not properly restrict I/O buffering, which allows man-in-the-middle attackers to insert commands into encrypted sessions by sending a cleartext command that is processed after TLS is in place, related to a ""plaintext command injection"" attack, a similar issue to CVE-2011-0411."
CVE-2011-2165,True,2.0,6.8,MEDIUM,AV:N/AC:M/Au:N/C:P/I:P/A:P,NETWORK,MEDIUM,,,CWE-264,"The STARTTLS implementation in WatchGuard XCS 9.0 and 9.1 does not properly restrict I/O buffering, which allows man-in-the-middle attackers to insert commands into encrypted SMTP sessions by sending a cleartext command that is processed after TLS is in place, related to a ""plaintext command injection"" attack, a similar issue to CVE-2011-0411."
CVE-2011-3192,True,2.0,7.8,HIGH,AV:N/AC:L/Au:N/C:N/I:N/A:C,NETWORK,LOW,,,CWE-400,"The byterange filter in the Apache HTTP Server 1.3.x, 2.0.x through 2.0.64, and 2.2.x through 2.2.19 allows remote attackers to cause a denial of service (memory and CPU consumption) via a Range header that expresses multiple overlapping ranges, as exploited in the wild in August 2011, a different vulnerability than CVE-2007-0086."
CVE-2012-0053,True,2.0,4.3,MEDIUM,AV:N/AC:M/Au:N/C:P/I:N/A:N,NETWORK,MEDIUM,,,NVD-CWE-noinfo,"protocol.c in the Apache HTTP Server 2.2.x through 2.2.21 does not properly restrict header information during construction of Bad Request (aka 400) error documents, which allows remote attackers to obtain the values of HTTPOnly cookies via vectors involving a (1) long or (2) malformed header in conjunction with crafted web script."
CVE-2012-1823,True,3.1,9.8,CRITICAL,CVSS:3.1/AV:N/AC:L/PR:N/UI:N/S:U/C:H/I:H/A:H,NETWORK,LOW,NONE,NONE,CWE-77,"sapi/cgi/cgi_main.c in PHP before 5.3.12 and 5.4.x before 5.4.2, when configured as a CGI script (aka php-cgi), does not properly handle query strings that lack an = (equals sign) character, which allows remote attackers to execute arbitrary code by placing command-line options in the query string, related to lack of skipping a certain php_getopt for the 'd' case."
CVE-2012-2223,True,2.0,4.3,MEDIUM,AV:N/AC:M/Au:N/C:P/I:N/A:N,NETWORK,MEDIUM,,,CWE-200,"The xplat agent in Novell ZENworks Configuration Management (ZCM) 10.3.x before 10.3.4 and 11.x before 11.2 enables the HTTP TRACE method, which might make it easier for remote attackers to conduct cross-site tracing (XST) attacks via unspecified vectors."
CVE-2012-2311,True,2.0,7.5,HIGH,AV:N/AC:L/Au:N/C:P/I:P/A:P,NETWORK,LOW,,,CWE-89,"sapi/cgi/cgi_main.c in PHP before 5.3.13 and 5.4.x before 5.4.3, when configured as a CGI script (aka php-cgi), does not properly handle query strings that contain a %3D sequence but no = (equals sign) character, which allows remote attackers to execute arbitrary code by placing command-line options in the query string, related to lack of skipping a certain php_getopt for the 'd' case.  NOTE: this vulnerability exists because of an incomplete fix for CVE-2012-1823."
CVE-2012-2335,True,2.0,7.5,HIGH,AV:N/AC:L/Au:N/C:P/I:P/A:P,NETWORK,LOW,,,CWE-264,"php-wrapper.fcgi does not properly handle command-line arguments, which allows remote attackers to bypass a protection mechanism in PHP 5.3.12 and 5.4.2 and execute arbitrary code by leveraging improper interaction between the PHP sapi/cgi/cgi_main.c component and a query string beginning with a +- sequence."
CVE-2012-2336,True,2.0,5.0,MEDIUM,AV:N/AC:L/Au:N/C:N/I:N/A:P,NETWORK,LOW,,,CWE-20,"sapi/cgi/cgi_main.c in PHP before 5.3.13 and 5.4.x before 5.4.3, when configured as a CGI script (aka php-cgi), does not properly handle query strings that lack an = (equals sign) character, which allows remote attackers to cause a denial of service (resource consumption) by placing command-line options in the query string, related to lack of skipping a certain php_getopt for the 'T' case.  NOTE: this vulnerability exists because of an incomplete fix for CVE-2012-1823."
CVE-2012-4929,True,2.0,2.6,LOW,AV:N/AC:H/Au:N/C:P/I:N/A:N,NETWORK,HIGH,,,CWE-310,"The TLS protocol 1.2 and earlier, as used in Mozilla Firefox, Google Chrome, Qt, and other products, can encrypt compressed data without properly obfuscating the length of the unencrypted data, which allows man-in-the-middle attackers to obtain plaintext HTTP headers by observing length differences during a series of guesses in which a string in an HTTP request potentially matches an unknown string in an HTTP header, aka a ""CRIME"" attack."
CVE-2012-4930,True,2.0,2.6,LOW,AV:N/AC:H/Au:N/C:P/I:N/A:N,NETWORK,HIGH,,,CWE-310,"The SPDY protocol 3 and earlier, as used in Mozilla Firefox, Google Chrome, and other products, can perform TLS encryption of compressed data without properly obfuscating the length of the unencrypted data, which allows man-in-the-middle attackers to obtain plaintext HTTP headers by observing length differences during a series of guesses in which a string in an HTTP request potentially matches an unknown string in an HTTP header, aka a ""CRIME"" attack."
CVE-2012-6708,True,3.0,6.1,MEDIUM,CVSS:3.0/AV:N/AC:L/PR:N/UI:R/S:C/C:L/I:L/A:N,NETWORK,LOW,NONE,REQUIRED,CWE-79,"jQuery before 1.9.0 is vulnerable to Cross-site Scripting (XSS) attacks. The jQuery(strInput) function does not differentiate selectors from HTML in a reliable fashion. In vulnerable versions, jQuery determined whether the input was HTML by looking for the '<' character anywhere in the string, giving attackers more flexibility when attempting to construct a malicious payload. In fixed versions, jQuery only deems the input to be HTML if it explicitly starts with the '<' character, limiting exploitability only to attackers who can control the beginning of a string, which is far less common."
CVE-2013-2566,True,3.1,5.9,MEDIUM,CVSS:3.1/AV:N/AC:H/PR:N/UI:N/S:U/C:H/I:N/A:N,NETWORK,HIGH,NONE,NONE,CWE-326,"The RC4 algorithm, as used in the TLS protocol and SSL protocol, has many single-byte biases, which makes it easier for remote attackers to conduct plaintext-recovery attacks via statistical analysis of ciphertext in a large number of sessions that use the same plaintext."
CVE-2014-0224,True,3.1,7.4,HIGH,CVSS:3.1/AV:N/AC:H/PR:N/UI:N/S:U/C:H/I:H/A:N,NETWORK,HIGH,NONE,NONE,CWE-326,"OpenSSL before 0.9.8za, 1.0.0 before 1.0.0m, and 1.0.1 before 1.0.1h does not properly restrict processing of ChangeCipherSpec messages, which allows man-in-the-middle attackers to trigger use of a zero-length master key in certain OpenSSL-to-OpenSSL communications, and consequently hijack sessions or obtain sensitive information, via a crafted TLS handshake, aka the ""CCS Injection"" vulnerability."
CVE-2014-3566,True,3.1,3.4,LOW,CVSS:3.1/AV:N/AC:H/PR:N/UI:R/S:C/C:L/I:N/A:N,NETWORK,HIGH,NONE,REQUIRED,CWE-310,"The SSL protocol 3.0, as used in OpenSSL through 1.0.1i and other products, uses nondeterministic CBC padding, which makes it easier for man-in-the-middle attackers to obtain cleartext data via a padding-oracle attack, aka the ""POODLE"" issue."
CVE-2014-7883,True,2.0,5.0,MEDIUM,AV:N/AC:L/Au:N/C:P/I:N/A:N,NETWORK,LOW,,,CWE-200,"HP Universal CMDB (UCMDB) Probe 9.05, 10.01, and 10.11 enables the HTTP TRACE method, which allows remote attackers to obtain sensitive information by reading the headers of a response."
CVE-2014-8363,True,2.0,7.5,HIGH,AV:N/AC:L/Au:N/C:P/I:P/A:P,NETWORK,LOW,,,CWE-89,SQL injection vulnerability in ss_handler.php in the WordPress Spreadsheet (wpSS) plugin 0.62 for WordPress allows remote attackers to execute arbitrary SQL commands via the ss_id parameter.
CVE-2014-8364,True,2.0,4.3,MEDIUM,AV:N/AC:M/Au:N/C:N/I:P/A:N,NETWORK,MEDIUM,,,CWE-79,Cross-site scripting (XSS) vulnerability in ss_handler.php in the WordPress Spreadsheet (wpSS) plugin 0.62 for WordPress allows remote attackers to inject arbitrary web script or HTML via the ss_id parameter.
CVE-2015-0204,True,2.0,4.3,MEDIUM,AV:N/AC:M/Au:N/C:N/I:P/A:N,NETWORK,MEDIUM,,,CWE-310,"The ssl3_get_key_exchange function in s3_clnt.c in OpenSSL before 0.9.8zd, 1.0.0 before 1.0.0p, and 1.0.1 before 1.0.1k allows remote SSL servers to conduct RSA-to-EXPORT_RSA downgrade attacks and facilitate brute-force decryption by offering a weak ephemeral RSA key in a noncompliant role, related to the ""FREAK"" issue.  NOTE: the scope of this CVE is only client code based on OpenSSL, not EXPORT_RSA issues associated with servers or other TLS implementations."
CVE-2015-2808,True,3.1,3.7,LOW,CVSS:3.1/AV:N/AC:H/PR:N/UI:N/S:U/C:L/I:N/A:N,NETWORK,HIGH,NONE,NONE,CWE-327,"The RC4 algorithm, as used in the TLS protocol and SSL protocol, does not properly combine state data with key data during the initialization phase, which makes it easier for remote attackers to conduct plaintext-recovery attacks against the initial bytes of a stream by sniffing network traffic that occasionally relies on keys affected by the Invariance Weakness, and then using a brute-force approach involving LSB values, aka the ""Bar Mitzvah"" issue."
CVE-2015-4000,True,3.1,3.7,LOW,CVSS:3.1/AV:N/AC:H/PR:N/UI:N/S:U/C:N/I:L/A:N,NETWORK,HIGH,NONE,NONE,CWE-310,"The TLS protocol 1.2 and earlier, when a DHE_EXPORT ciphersuite is enabled on a server but not on a client, does not properly convey a DHE_EXPORT choice, which allows man-in-the-middle attackers to conduct cipher-downgrade attacks by rewriting a ClientHello with DHE replaced by DHE_EXPORT and then rewriting a ServerHello with DHE_EXPORT replaced by DHE, aka the ""Logjam"" issue."
CVE-2016-0800,True,3.0,5.9,MEDIUM,CVSS:3.0/AV:N/AC:H/PR:N/UI:N/S:U/C:H/I:N/A:N,NETWORK,HIGH,NONE,NONE,CWE-200,"The SSLv2 protocol, as used in OpenSSL before 1.0.1s and 1.0.2 before 1.0.2g and other products, requires a server to send a ServerVerify message before establishing that a client possesses certain plaintext RSA data, which makes it easier for remote attackers to decrypt TLS ciphertext data by leveraging a Bleichenbacher RSA padding oracle, aka a ""DROWN"" attack."
CVE-2016-10143,True,3.0,7.5,HIGH,CVSS:3.0/AV:N/AC:L/PR:N/UI:N/S:U/C:H/I:N/A:N,NETWORK,LOW,NONE,NONE,CWE-200,A vulnerability in Tiki Wiki CMS 15.2 could allow a remote attacker to read arbitrary files on a targeted system via a crafted pathname in a banner URL field.
CVE-2016-1776,True,3.0,5.3,MEDIUM,CVSS:3.0/AV:N/AC:L/PR:N/UI:N/S:U/C:L/I:N/A:N,NETWORK,LOW,NONE,NONE,CWE-284,"Web Server in Apple OS X Server before 5.1 does not properly restrict access to .DS_Store and .htaccess files, which allows remote attackers to obtain sensitive configuration information via an HTTP request."
CVE-2016-2183,True,3.1,7.5,HIGH,CVSS:3.1/AV:N/AC:L/PR:N/UI:N/S:U/C:H/I:N/A:N,NETWORK,LOW,NONE,NONE,CWE-200,"The DES and Triple DES ciphers, as used in the TLS, SSH, and IPSec protocols and other protocols and products, have a birthday bound of approximately four billion blocks, which makes it easier for remote attackers to obtain cleartext data via a birthday attack against a long-duration encrypted session, as demonstrated by an HTTPS session using Triple DES in CBC mode, aka a ""Sweet32"" attack."
CVE-2016-6329,True,3.0,5.9,MEDIUM,CVSS:3.0/AV:N/AC:H/PR:N/UI:N/S:U/C:H/I:N/A:N,NETWORK,HIGH,NONE,NONE,CWE-200,"OpenVPN, when using a 64-bit block cipher, makes it easier for remote attackers to obtain cleartext data via a birthday attack against a long-duration encrypted session, as demonstrated by an HTTP-over-OpenVPN session using Blowfish in CBC mode, aka a ""Sweet32"" attack."
CVE-2016-7144,True,3.0,8.1,HIGH,CVSS:3.0/AV:N/AC:H/PR:N/UI:N/S:U/C:H/I:H/A:H,NETWORK,HIGH,NONE,NONE,CWE-287,The m_authenticate function in modules/m_sasl.c in UnrealIRCd before 3.2.10.7 and 4.x before 4.0.6 allows remote attackers to spoof certificate fingerprints and consequently log in as another user via a crafted AUTHENTICATE parameter.
CVE-2017-11612,True,3.0,6.1,MEDIUM,CVSS:3.0/AV:N/AC:L/PR:N/UI:R/S:C/C:L/I:L/A:N,NETWORK,LOW,NONE,REQUIRED,CWE-79,"In Joomla! before 3.7.4, inadequate filtering of potentially malicious HTML tags leads to XSS vulnerabilities in various components."
CVE-2017-14596,True,3.0,9.8,CRITICAL,CVSS:3.0/AV:N/AC:L/PR:N/UI:N/S:U/C:H/I:H/A:H,NETWORK,LOW,NONE,NONE,CWE-90,"In Joomla! before 3.8.0, inadequate escaping in the LDAP authentication plugin can result in a disclosure of a username and password."
CVE-2017-7983,True,3.0,5.3,MEDIUM,CVSS:3.0/AV:N/AC:L/PR:N/UI:N/S:U/C:L/I:N/A:N,NETWORK,LOW,NONE,NONE,CWE-200,"In Joomla! 1.5.0 through 3.6.5 (fixed in 3.7.0), mail sent using the JMail API leaked the used PHPMailer version in the mail headers."
CVE-2017-7985,True,3.0,6.1,MEDIUM,CVSS:3.0/AV:N/AC:L/PR:N/UI:R/S:C/C:L/I:L/A:N,NETWORK,LOW,NONE,REQUIRED,CWE-79,"In Joomla! 1.5.0 through 3.6.5 (fixed in 3.7.0), inadequate filtering of multibyte characters leads to XSS vulnerabilities in various components."
CVE-2017-7986,True,3.0,6.1,MEDIUM,CVSS:3.0/AV:N/AC:L/PR:N/UI:R/S:C/C:L/I:L/A:N,NETWORK,LOW,NONE,REQUIRED,CWE-79,"In Joomla! 1.5.0 through 3.6.5 (fixed in 3.7.0), inadequate filtering of specific HTML attributes leads to XSS vulnerabilities in various components."
CVE-2018-15880,True,3.0,5.4,MEDIUM,CVSS:3.0/AV:N/AC:L/PR:L/UI:R/S:C/C:L/I:L/A:N,NETWORK,LOW,LOW,REQUIRED,CWE-79,An issue was discovered in Joomla! before 3.8.12. Inadequate output filtering on the user profile page could lead to a stored XSS attack.
CVE-2018-15882,True,3.0,9.8,CRITICAL,CVSS:3.0/AV:N/AC:L/PR:N/UI:N/S:U/C:H/I:H/A:H,NETWORK,LOW,NONE,NONE,CWE-434,An issue was discovered in Joomla! before 3.8.12. Inadequate checks in the InputFilter class could allow specifically prepared phar files to pass the upload filter.
CVE-2018-17855,True,3.0,8.8,HIGH,CVSS:3.0/AV:N/AC:L/PR:L/UI:N/S:U/C:H/I:H/A:H,NETWORK,LOW,LOW,NONE,CWE-269,"An issue was discovered in Joomla! before 3.8.13. If an attacker gets access to the mail account of an user who can approve admin verifications in the registration process, he can activate himself."
CVE-2018-20212,True,3.0,6.1,MEDIUM,CVSS:3.0/AV:N/AC:L/PR:N/UI:R/S:C/C:L/I:L/A:N,NETWORK,LOW,NONE,REQUIRED,CWE-79,bin/statistics in TWiki 6.0.2 allows cross-site scripting (XSS) via the webs parameter.
CVE-2018-20719,True,3.0,8.8,HIGH,CVSS:3.0/AV:N/AC:L/PR:L/UI:N/S:U/C:H/I:H/A:H,NETWORK,LOW,LOW,NONE,CWE-89,"In Tiki before 17.2, the user task component is vulnerable to a SQL Injection via the tiki-user_tasks.php show_history parameter."
CVE-2018-6378,True,3.0,6.1,MEDIUM,CVSS:3.0/AV:N/AC:L/PR:N/UI:R/S:C/C:L/I:L/A:N,NETWORK,LOW,NONE,REQUIRED,CWE-79,"In Joomla! Core before 3.8.8, inadequate filtering of file and folder names leads to various XSS attack vectors in the media manager."
CVE-2018-6379,True,3.0,6.1,MEDIUM,CVSS:3.0/AV:N/AC:L/PR:N/UI:R/S:C/C:L/I:L/A:N,NETWORK,LOW,NONE,REQUIRED,CWE-79,"In Joomla! before 3.8.4, inadequate input filtering in the Uri class (formerly JUri) leads to an XSS vulnerability."
CVE-2018-6470,True,3.0,5.3,MEDIUM,CVSS:3.0/AV:N/AC:L/PR:N/UI:N/S:U/C:L/I:N/A:N,NETWORK,LOW,NONE,NONE,CWE-200,"Nibbleblog 4.0.5 on macOS defaults to having .DS_Store in each directory, causing DS_Store information to leak."
CVE-2018-7188,True,3.0,5.4,MEDIUM,CVSS:3.0/AV:N/AC:L/PR:L/UI:R/S:C/C:L/I:L/A:N,NETWORK,LOW,LOW,REQUIRED,CWE-79,"An XSS vulnerability (via an SVG image) in Tiki before 18 allows an authenticated user to gain administrator privileges if an administrator opens a wiki page with a malicious SVG image, related to lib/filegals/filegallib.php."
